--
-- PostgreSQL database dump
--

\restrict jcGV2mvQOhril7tnEKgjREm9gz5nVlJYAj31cdF43kSh7hesLWeXbpsTT2ZbaVW

-- Dumped from database version 15.17 (Debian 15.17-1.pgdg13+1)
-- Dumped by pg_dump version 15.17 (Debian 15.17-1.pgdg13+1)

SET statement_timeout = 0;
SET lock_timeout = 0;
SET idle_in_transaction_session_timeout = 0;
SET client_encoding = 'UTF8';
SET standard_conforming_strings = on;
SELECT pg_catalog.set_config('search_path', '', false);
SET check_function_bodies = false;
SET xmloption = content;
SET client_min_messages = warning;
SET row_security = off;

SET default_tablespace = '';

SET default_table_access_method = heap;

--
-- Name: carro_usuario; Type: TABLE; Schema: public; Owner: user01
--

CREATE TABLE public.carro_usuario (
    capacidade_bateria numeric(18,2),
    id integer NOT NULL,
    tipo_carga character varying(6) NOT NULL,
    tipo_conector character varying(8) NOT NULL,
    marca character varying(255) NOT NULL,
    modelo character varying(255) NOT NULL,
    placa character varying(255) NOT NULL,
    CONSTRAINT carro_usuario_marca_check CHECK (((marca)::text = ANY ((ARRAY['TESLA'::character varying, 'NISSAN'::character varying, 'CHEVROLET'::character varying, 'VOLKSWAGEN'::character varying, 'BYD'::character varying, 'JAGUAR'::character varying, 'BMW'::character varying, 'MERCEDES_BENZ'::character varying, 'RENAULT'::character varying])::text[]))),
    CONSTRAINT carro_usuario_tipo_carga_check CHECK (((tipo_carga)::text = ANY ((ARRAY['RAPIDA'::character varying, 'LENTA'::character varying])::text[]))),
    CONSTRAINT carro_usuario_tipo_conector_check CHECK (((tipo_conector)::text = ANY ((ARRAY['CCS2'::character varying, 'CHAdeMO'::character varying, 'TIPO2'::character varying, 'GBT'::character varying, 'TIPO1'::character varying, 'NACS'::character varying])::text[])))
);


ALTER TABLE public.carro_usuario OWNER TO user01;

--
-- Name: carro_usuario_id_seq; Type: SEQUENCE; Schema: public; Owner: user01
--

ALTER TABLE public.carro_usuario ALTER COLUMN id ADD GENERATED BY DEFAULT AS IDENTITY (
    SEQUENCE NAME public.carro_usuario_id_seq
    START WITH 1
    INCREMENT BY 1
    NO MINVALUE
    NO MAXVALUE
    CACHE 1
);


--
-- Name: pontos_recarga; Type: TABLE; Schema: public; Owner: user01
--

CREATE TABLE public.pontos_recarga (
    corrente_maxima_ampere integer,
    id integer NOT NULL,
    medidorkwh numeric(38,2),
    potencia_maximakw integer,
    quantidade_conectores integer,
    status_cabo smallint,
    data_ultima_leitura timestamp(6) without time zone,
    sesssao_ativa_id bigint,
    ultima_comunicacao timestamp(6) without time zone,
    codigo_patriomonio character varying(255),
    fabricante character varying(255),
    localizacao character varying(255),
    modelo character varying(255),
    protocolo_comunicacao character varying(255),
    status_conexao character varying(255),
    status_ponto character varying(255),
    tensao_nominal character varying(255),
    tipo_carga character varying(255),
    tipo_conector character varying(255),
    CONSTRAINT pontos_recarga_status_cabo_check CHECK (((status_cabo >= 0) AND (status_cabo <= 1))),
    CONSTRAINT pontos_recarga_status_ponto_check CHECK (((status_ponto)::text = ANY ((ARRAY['DISPONIVEL'::character varying, 'OCUPADO'::character varying, 'MANUTENCAO'::character varying, 'BLOQUEADO'::character varying])::text[]))),
    CONSTRAINT pontos_recarga_tipo_carga_check CHECK (((tipo_carga)::text = ANY ((ARRAY['RAPIDA'::character varying, 'LENTA'::character varying])::text[]))),
    CONSTRAINT pontos_recarga_tipo_conector_check CHECK (((tipo_conector)::text = ANY ((ARRAY['CCS2'::character varying, 'CHAdeMO'::character varying, 'TIPO2'::character varying, 'GBT'::character varying, 'TIPO1'::character varying, 'NACS'::character varying])::text[])))
);


ALTER TABLE public.pontos_recarga OWNER TO user01;

--
-- Name: pontos_recarga_id_seq; Type: SEQUENCE; Schema: public; Owner: user01
--

ALTER TABLE public.pontos_recarga ALTER COLUMN id ADD GENERATED BY DEFAULT AS IDENTITY (
    SEQUENCE NAME public.pontos_recarga_id_seq
    START WITH 1
    INCREMENT BY 1
    NO MINVALUE
    NO MAXVALUE
    CACHE 1
);


--
-- Name: reservas; Type: TABLE; Schema: public; Owner: user01
--

CREATE TABLE public.reservas (
    duracao_minutos integer,
    id integer NOT NULL,
    ponto_recarga_id integer NOT NULL,
    usuario_id integer NOT NULL,
    status character varying(255),
    inicio timestamp without time zone,
    fim timestamp without time zone,
    CONSTRAINT reservas_status_check CHECK (((status)::text = ANY ((ARRAY['CONFIRMADA'::character varying, 'EM_ANDAMENTO'::character varying, 'FINALIZADA'::character varying, 'CANCELADA'::character varying])::text[])))
);


ALTER TABLE public.reservas OWNER TO user01;

--
-- Name: reservas_id_seq; Type: SEQUENCE; Schema: public; Owner: user01
--

ALTER TABLE public.reservas ALTER COLUMN id ADD GENERATED BY DEFAULT AS IDENTITY (
    SEQUENCE NAME public.reservas_id_seq
    START WITH 1
    INCREMENT BY 1
    NO MINVALUE
    NO MAXVALUE
    CACHE 1
);


--
-- Name: usuarios; Type: TABLE; Schema: public; Owner: user01
--

CREATE TABLE public.usuarios (
    carro_id integer,
    id integer NOT NULL,
    role character varying(5) NOT NULL,
    data_criacao_conta timestamp(6) without time zone,
    senha_hash character varying(60) NOT NULL,
    email character varying(255) NOT NULL,
    usuario character varying(255) NOT NULL,
    CONSTRAINT usuarios_role_check CHECK (((role)::text = ANY ((ARRAY['USER'::character varying, 'ADMIN'::character varying])::text[])))
);


ALTER TABLE public.usuarios OWNER TO user01;

--
-- Name: usuarios_id_seq; Type: SEQUENCE; Schema: public; Owner: user01
--

ALTER TABLE public.usuarios ALTER COLUMN id ADD GENERATED BY DEFAULT AS IDENTITY (
    SEQUENCE NAME public.usuarios_id_seq
    START WITH 1
    INCREMENT BY 1
    NO MINVALUE
    NO MAXVALUE
    CACHE 1
);


--
-- Data for Name: carro_usuario; Type: TABLE DATA; Schema: public; Owner: user01
--

COPY public.carro_usuario (capacidade_bateria, id, tipo_carga, tipo_conector, marca, modelo, placa) FROM stdin;
70.00	2	RAPIDA	TIPO2	TESLA	Model X	FHKJ970
75.50	1	RAPIDA	CCS2	BMW	Model S	ABC-1234
\.


--
-- Data for Name: pontos_recarga; Type: TABLE DATA; Schema: public; Owner: user01
--

COPY public.pontos_recarga (corrente_maxima_ampere, id, medidorkwh, potencia_maximakw, quantidade_conectores, status_cabo, data_ultima_leitura, sesssao_ativa_id, ultima_comunicacao, codigo_patriomonio, fabricante, localizacao, modelo, protocolo_comunicacao, status_conexao, status_ponto, tensao_nominal, tipo_carga, tipo_conector) FROM stdin;
\N	1	\N	150	\N	\N	\N	\N	\N	SHELL-003	Shell Recharge	Estação Norte - Vaga 01	Ultra Rapid 150kW	\N	\N	DISPONIVEL	380V	RAPIDA	CCS2
\.


--
-- Data for Name: reservas; Type: TABLE DATA; Schema: public; Owner: user01
--

COPY public.reservas (duracao_minutos, id, ponto_recarga_id, usuario_id, status, inicio, fim) FROM stdin;
208	18	1	1	CONFIRMADA	2026-05-02 22:22:00	2026-05-03 01:50:00
88	19	1	1	CONFIRMADA	2026-05-02 15:22:00	2026-05-02 16:50:00
30	20	1	1	CONFIRMADA	2026-05-01 22:10:00	2026-05-01 22:40:00
30	21	1	1	CANCELADA	2026-05-01 22:40:00	2026-05-01 23:10:00
30	22	1	1	CONFIRMADA	2026-05-01 22:40:00	2026-05-01 23:10:00
180	6	1	1	FINALIZADA	2026-05-10 08:00:00	2026-05-10 11:00:00
120	7	1	1	FINALIZADA	2026-05-10 14:00:00	2026-05-10 16:00:00
90	8	1	2	FINALIZADA	2026-05-10 10:00:00	2026-05-10 11:30:00
240	9	1	2	FINALIZADA	2026-05-11 09:00:00	2026-05-11 13:00:00
60	10	1	1	FINALIZADA	2026-05-11 15:00:00	2026-05-11 16:00:00
\.


--
-- Data for Name: usuarios; Type: TABLE DATA; Schema: public; Owner: user01
--

COPY public.usuarios (carro_id, id, role, data_criacao_conta, senha_hash, email, usuario) FROM stdin;
2	2	USER	2026-04-29 15:03:26.381966	$2a$10$sc9M5aHqmCXaPAGg3EAlQeSC/IeX1E49LCMjCmT/5R.MLeSimORC.	pedro@email.com	Pedro
1	1	ADMIN	2026-04-29 14:23:25.944904	$2a$10$TilmTLEPUDLH13Sx7VHo1eo7TNtlKdG6T6V93j6KFdW.CScHbM1JK	gabriel@gmail.com	Gabriel
\.


--
-- Name: carro_usuario_id_seq; Type: SEQUENCE SET; Schema: public; Owner: user01
--

SELECT pg_catalog.setval('public.carro_usuario_id_seq', 2, true);


--
-- Name: pontos_recarga_id_seq; Type: SEQUENCE SET; Schema: public; Owner: user01
--

SELECT pg_catalog.setval('public.pontos_recarga_id_seq', 1, true);


--
-- Name: reservas_id_seq; Type: SEQUENCE SET; Schema: public; Owner: user01
--

SELECT pg_catalog.setval('public.reservas_id_seq', 22, true);


--
-- Name: usuarios_id_seq; Type: SEQUENCE SET; Schema: public; Owner: user01
--

SELECT pg_catalog.setval('public.usuarios_id_seq', 2, true);


--
-- Name: carro_usuario carro_usuario_pkey; Type: CONSTRAINT; Schema: public; Owner: user01
--

ALTER TABLE ONLY public.carro_usuario
    ADD CONSTRAINT carro_usuario_pkey PRIMARY KEY (id);


--
-- Name: pontos_recarga pontos_recarga_pkey; Type: CONSTRAINT; Schema: public; Owner: user01
--

ALTER TABLE ONLY public.pontos_recarga
    ADD CONSTRAINT pontos_recarga_pkey PRIMARY KEY (id);


--
-- Name: reservas reservas_pkey; Type: CONSTRAINT; Schema: public; Owner: user01
--

ALTER TABLE ONLY public.reservas
    ADD CONSTRAINT reservas_pkey PRIMARY KEY (id);


--
-- Name: usuarios usuarios_carro_id_key; Type: CONSTRAINT; Schema: public; Owner: user01
--

ALTER TABLE ONLY public.usuarios
    ADD CONSTRAINT usuarios_carro_id_key UNIQUE (carro_id);


--
-- Name: usuarios usuarios_pkey; Type: CONSTRAINT; Schema: public; Owner: user01
--

ALTER TABLE ONLY public.usuarios
    ADD CONSTRAINT usuarios_pkey PRIMARY KEY (id);


--
-- Name: reservas fk3hxl75k3p9tbbaew75ede53li; Type: FK CONSTRAINT; Schema: public; Owner: user01
--

ALTER TABLE ONLY public.reservas
    ADD CONSTRAINT fk3hxl75k3p9tbbaew75ede53li FOREIGN KEY (ponto_recarga_id) REFERENCES public.pontos_recarga(id);


--
-- Name: reservas fkcfh7qcr7oxomqk5hhbxdg2m7p; Type: FK CONSTRAINT; Schema: public; Owner: user01
--

ALTER TABLE ONLY public.reservas
    ADD CONSTRAINT fkcfh7qcr7oxomqk5hhbxdg2m7p FOREIGN KEY (usuario_id) REFERENCES public.usuarios(id);


--
-- Name: usuarios fkrh2v2xonpwwtf95we3nncw6o0; Type: FK CONSTRAINT; Schema: public; Owner: user01
--

ALTER TABLE ONLY public.usuarios
    ADD CONSTRAINT fkrh2v2xonpwwtf95we3nncw6o0 FOREIGN KEY (carro_id) REFERENCES public.carro_usuario(id);


--
-- PostgreSQL database dump complete
--

\unrestrict jcGV2mvQOhril7tnEKgjREm9gz5nVlJYAj31cdF43kSh7hesLWeXbpsTT2ZbaVW

